Commune;Source
Abeilhan;WP
Adissan;WP
Agde;WP
Agel;WP
Agonès;WP
Aigne;WP
Aigues-Vives;WP
Les Aires;WP
Alignan-du-Vent;WP
Aniane;WP
Arboras;WP
Argelliers;WP
Aspiran;WP
Assas;WP
Assignan;WP
Aumelas;WP
Aumes;WP
Autignac;WP
Avène;WP
Azillanet;WP
Babeau-Bouldoux;WP
Baillargues;WP
Balaruc-le-Vieux;WP
Balaruc-les-Bains;WP
Bassan;WP
Beaufort;WP
Beaulieu;WP
Bédarieux;WP
Bélarga;WP
Berlou;WP
Bessan;WP
Béziers;WP
Béziers-2;WP
Béziers-3;WP
Boisseron;WP
Boisset;WP
La Boissière;WP
Le Bosc;WP
Boujan-sur-Libron;WP
Le Bousquet-d'Orb;WP
Bouzigues;WP
Brenas;WP
Brignac;WP
Brissac;WP
Buzignargues;WP
Cabrerolles;WP
Cabrières;WP
Cambon-et-Salvergues;WP
Campagnan;WP
Campagne;WP
Camplong;WP
Candillargues;WP
Canet;WP
Capestang;WP
Carlencas-et-Levas;WP
Cassagnoles;WP
Castanet-le-Haut;WP
Castelnau-de-Guers;WP
Castelnau-le-Lez;WP
Castries;WP
La Caunette;WP
Causse-de-la-Selle;WP
Causses-et-Veyran;WP
Caussiniojouls;WP
Caux;WP
Le Caylar;WP
Cazedarnes;WP
Cazevieille;WP
Cazilhac;WP
Cazouls-d'Hérault;WP
Cazouls-lès-Béziers;WP
Cébazan;WP
Ceilhes-et-Rocozels;WP
Celles;WP
Cers;WP
Cessenon-sur-Orb;WP
Cesseras;WP
Ceyras;WP
Clapiers;WP
Claret;WP
Clermont-l'Hérault;WP
Colombières-sur-Orb;WP
Colombiers;WP
Combaillaux;WP
Combes;WP
Corneilhan;WP
Coulobres;WP
Courniou;WP
Cournonsec;WP
Cournonterral;WP
Creissan;WP
Le Crès;WP
Le Cros;WP
Cruzy;WP
Dio-et-Valquières;WP
Entre-Vignes;WP
Espondeilhan;WP
Fabrègues;WP
Faugères;WP
Félines-Minervois;WP
Ferrals-les-Montagnes;WP
Ferrières-les-Verreries;WP
Ferrières-Poussarou;WP
Florensac;WP
Fontanès;WP
Fontès;WP
Fos;WP
Fouzilhon;WP
Fozières;WP
Fraisse-sur-Agout;WP
Frontignan;WP
Gabian;WP
Galargues;WP
Ganges;WP
Garrigues;WP
Gigean;WP
Gignac;WP
Gorniès;WP
Grabels;WP
Graissessac;WP
La Grande-Motte;WP
Guzargues;WP
Hérépian;WP
Jacou;WP
Joncels;WP
Jonquières;WP
Juvignac;WP
Lacoste;WP
Lagamas;WP
Lamalou-les-Bains;WP
Lansargues;WP
Laroque;WP
Lattes;WP
Laurens;WP
Lauret;WP
Lauroux;WP
Lavalette;WP
Lavérune;WP
Lespignan;WP
Lézignan-la-Cèbe;WP
Liausson;WP
Lieuran-Cabrières;WP
Lieuran-lès-Béziers;WP
Lignan-sur-Orb;WP
La Livinière;WP
Lodève;WP
Loupian;WP
Lunas;WP
Lunel;WP
Lunel-Viel;WP
Magalas;WP
Maraussan;WP
Margon;WP
Marseillan;WP
Marsillargues;WP
Mas-de-Londres;WP
Les Matelles;WP
Mauguio;WP
Maureilhan;WP
Mérifons;WP
Mèze;WP
Minerve;WP
Mireval;WP
Mons;WP
Montady;WP
Montagnac;WP
Montarnaud;WP
Montaud;WP
Montbazin;WP
Montblanc;WP
Montels;WP
Montesquieu;WP
Montferrier-sur-Lez;WP
Montouliers;WP
Montoulieu;WP
Montpeyroux;WP
Moulès-et-Baucels;WP
Mourèze;WP
Mudaison;WP
Murles;WP
Murviel-lès-Béziers;WP
Murviel-lès-Montpellier;WP
Nébian;WP
Neffiès;WP
Nézignan-l'Évêque;WP
Nissan-lez-Enserune;WP
Nizas;WP
Notre-Dame-de-Londres;WP
Octon;WP
Olargues;WP
Olmet-et-Villecun;WP
Olonzac;WP
Oupia;WP
Pailhès;WP
Palavas-les-Flots;WP
Pardailhan;WP
Paulhan;WP
Pégairolles-de-Buèges;WP
Pégairolles-de-l'Escalette;WP
Péret;WP
Pérols;WP
Pézenas;WP
Pézènes-les-Mines;WP
Pierrerue;WP
Pignan;WP
Pinet;WP
Plaissan;WP
Les Plans;WP
Poilhes;WP
Pomérols;WP
Popian;WP
Portiragnes;WP
Le Pouget;WP
Le Poujol-sur-Orb;WP
Poujols;WP
Poussan;WP
Pouzolles;WP
Pouzols;WP
Le Pradal;WP
Prades-le-Lez;WP
Prades-sur-Vernazobre;WP
Prémian;WP
Le Puech;WP
Puéchabon;WP
Puilacher;WP
Puimisson;WP
Puissalicon;WP
Puisserguier;WP
Quarante;WP
Restinclières;WP
Rieussec;WP
Riols;WP
Les Rives;WP
Romiguières;WP
Roquebrun;WP
Roqueredonde;WP
Roquessels;WP
Rosis;WP
Rouet;WP
Roujan;WP
Saint-André-de-Buèges;WP
Saint-André-de-Sangonis;WP
Saint-Aunès;WP
Saint-Bauzille-de-la-Sylve;WP
Saint-Bauzille-de-Montmel;WP
Saint-Bauzille-de-Putois;WP
Saint-Brès;WP
Saint-Chinian;WP
Saint-Clément-de-Rivière;WP
Saint-Drézéry;WP
Saint-Étienne-d'Albagnan;WP
Saint-Étienne-de-Gourgas;WP
Saint-Étienne-Estréchoux;WP
Saint-Félix-de-l'Héras;WP
Saint-Félix-de-Lodez;WP
Saint-Gély-du-Fesc;WP
Saint-Geniès-de-Fontedit;WP
Saint-Geniès-de-Varensal;WP
Saint-Geniès-des-Mourgues;WP
Saint-Georges-d'Orques;WP
Saint-Gervais-sur-Mare;WP
Saint-Guilhem-le-Désert;WP
Saint-Guiraud;WP
Saint-Hilaire-de-Beauvoir;WP
Saint-Jean-de-Buèges;WP
Saint-Jean-de-Cornies;WP
Saint-Jean-de-Cuculles;WP
Saint-Jean-de-Fos;WP
Saint-Jean-de-la-Blaquière;WP
Saint-Jean-de-Minervois;WP
Saint-Jean-de-Védas;WP
Saint-Julien;WP
Saint-Just;WP
Saint-Martin-de-l'Arçon;WP
Saint-Martin-de-Londres;WP
Saint-Mathieu-de-Tréviers;WP
Saint-Maurice-Navacelles;WP
34520;WP
Saint-Michel;WP
Saint-Nazaire-de-Ladarez;WP
Saint-Nazaire-de-Pézan;WP
Saint-Pargoire;WP
Saint-Paul-et-Valmalle;WP
Saint-Pierre-de-la-Fage;WP
Saint-Pons-de-Mauchiens;WP
Saint-Pons-de-Thomières;WP
Saint-Privat;WP
Saint-Saturnin-de-Lucian;WP
Saint-Sériès;WP
Saint-Thibéry;WP
Saint-Vincent-d'Olargues;WP
Saint-Vincent-de-Barbeyrargues;WP
Sainte-Croix-de-Quintillargues;WP
Salasc;WP
La Salvetat-sur-Agout;WP
Saturargues;WP
Saussan;WP
Saussines;WP
Sauteyrargues;WP
Sauvian;WP
Sérignan;WP
Servian;WP
Sète;WP
Siran;WP
Sorbs;WP
Soubès;WP
Le Soulié;WP
Soumont;WP
Sussargues;WP
Taussac-la-Billière;WP
Teyran;WP
Thézan-lès-Béziers;WP
La Tour-sur-Orb;WP
Tourbes;WP
Tressan;WP
Le Triadou;WP
Usclas-d'Hérault;WP
Usclas-du-Bosc;WP
La Vacquerie-et-Saint-Martin-de-Castries;WP
Vacquières;WP
Vailhan;WP
Vailhauquès;WP
Valergues;WP
Valflaunès;WP
Valmascle;WP
Valras-Plage;WP
Valros;WP
Vélieux;WP
Vendargues;WP
Vendémian;WP
Vendres;WP
Verreries-de-Moussans;WP
Vias;WP
Vic-la-Gardiole;WP
Vieussan;WP
Villemagne-l'Argentière;WP
Villeneuve-lès-Béziers;WP
34500;WP
Villeneuve-lès-Maguelone;WP
Villeneuvette;WP
Villespassans;WP
Villetelle;WP
Villeveyrac;WP
Viols-en-Laval;WP
Viols-le-Fort;WP
Nîmes;WP
Aigaliers;WP
Aigremont;WP
Aigues-Mortes;WP
Aigues-Vives;WP
Aiguèze;WP
Aimargues;WP
Alès;WP
Allègre-les-Fumades;WP
Alzon;WP
Anduze;WP
Les Angles;WP
Aramon;WP
Argilliers;WP
Arpaillargues-et-Aureillac;WP
Arphy;WP
Arre;WP
Arrigas;WP
Aspères;WP
Aubais;WP
Aubord;WP
Aubussargues;WP
Aujac;WP
Aujargues;WP
Aulas;WP
Aumessas;WP
Avèze;WP
Bagard;WP
Bagnols-sur-Cèze;WP
Barjac;WP
Baron;WP
La Bastide-d'Engras;WP
Beaucaire;WP
Beauvoisin;WP
Bellegarde;WP
Belvézet;WP
Bernis;WP
Bessèges;WP
Bez-et-Esparon;WP
Bezouce;WP
Blandas;WP
Blauzac;WP
Boisset-et-Gaujac;WP
Boissières;WP
Bonnevaux;WP
Bordezac;WP
Boucoiran-et-Nozières;WP
Bouillargues;WP
Bouquet;WP
Bourdic;WP
Bragassargues;WP
Branoux-les-Taillades;WP
Bréau-Mars;WP
Brignon;WP
Brouzet-lès-Alès;WP
Brouzet-lès-Quissac;WP
La Bruguière;WP
Cabrières;WP
La Cadière-et-Cambo;WP
Le Cailar;WP
Caissargues;WP
La Calmette;WP
Calvisson;WP
Campestre-et-Luc;WP
Canaules-et-Argentières;WP
Cannes-et-Clairan;WP
La Capelle-et-Masmolène;WP
Cardet;WP
Carnas;WP
Carsan;WP
Cassagnoles;WP
Castelnau-Valence;WP
Castillon-du-Gard;WP
Causse-Bégon;WP
Caveirac;WP
Cavillargues;WP
Cendras;WP
Chambon;WP
Chamborigaud;WP
Chusclan;WP
Clarensac;WP
Codognan;WP
Codolet;WP
Collias;WP
Collorgues;WP
Colognac;WP
Combas;WP
Comps;WP
Concoules;WP
Congénies;WP
Connaux;WP
Conqueyrac;WP
Corbès;WP
Corconne;WP
Cornillon;WP
Courry;WP
Crespian;WP
Cros;WP
Cruviers-Lascours;WP
Deaux;WP
Dions;WP
Domazan;WP
Domessargues;WP
Dourbies;WP
Durfort-et-Saint-Martin-de-Sossenac;WP
Estézargues;WP
L'Estréchure;WP
Euzet;WP
Flaux;WP
Foissac;WP
Fons;WP
Fons-sur-Lussan;WP
Fontanès;WP
Fontarèches;WP
Fournès;WP
Fourques;WP
Fressac;WP
Gagnières;WP
Gailhan;WP
Gajan;WP
Gallargues-le-Montueux;WP
Le Garn;WP
Garons;WP
Garrigues-Sainte-Eulalie;WP
Gaujac;WP
Générac;WP
Générargues;WP
Génolhac;WP
Goudargues;WP
La Grand-Combe;WP
Le Grau-du-Roi;WP
Issirac;WP
Jonquières-Saint-Vincent;WP
Junas;WP
Lamelouze;WP
Langlade;WP
Lanuéjols;WP
Lasalle;WP
Laudun-l'Ardoise;WP
Laval-Pradel;WP
Laval-Saint-Roman;WP
Lecques;WP
Lédenon;WP
Lédignan;WP
Lézan;WP
Liouc;WP
Lirac;WP
Logrian-Florian;WP
Lussan;WP
Les Mages;WP
Malons-et-Elze;WP
Mandagout;WP
Manduel;WP
Marguerittes;WP
Martignargues;WP
Le Martinet;WP
Maruéjols-lès-Gardon;WP
Massanes;WP
Massillargues-Attuech;WP
Mauressargues;WP
Méjannes-le-Clap;WP
Méjannes-lès-Alès;WP
Meynes;WP
Meyrannes;WP
Mialet;WP
Milhaud;WP
Molières-Cavaillac;WP
Molières-sur-Cèze;WP
Monoblet;WP
Mons;WP
Montagnac;WP
Montaren-et-Saint-Médiers;WP
Montclus;WP
Montdardier;WP
Monteils;WP
Montfaucon;WP
Montfrin;WP
Montignargues;WP
Montmirat;WP
Montpezat;WP
Moulézan;WP
Moussac;WP
Mus;WP
Nages-et-Solorgues;WP
Navacelles;WP
Ners;WP
Orsan;WP
Orthoux-Sérignac-Quilhan;WP
Parignargues;WP
Peyremale;WP
Peyrolles;WP
Le Pin;WP
Les Plans;WP
Les Plantiers;WP
Pommiers;WP
Pompignan;WP
Pont-Saint-Esprit;WP
Ponteils-et-Brésis;WP
Portes;WP
Potelières;WP
Pougnadoresse;WP
Poulx;WP
Pouzilhac;WP
Puechredon;WP
Pujaut;WP
Quissac;WP
Redessan;WP
Remoulins;WP
Revens;WP
Ribaute-les-Tavernes;WP
Rivières;WP
Robiac-Rochessadoule;WP
Rochefort-du-Gard;WP
Rochegude;WP
Rodilhan;WP
Rogues;WP
La Roque-sur-Cèze;WP
Roquedur;WP
Roquemaure;WP
Rousson;WP
La Rouvière;WP
Sabran;WP
Saint-Alexandre;WP
Saint-Ambroix;WP
Saint-André-d'Olérargues;WP
Saint-André-de-Majencoules;WP
Saint-André-de-Roquepertuis;WP
Saint-André-de-Valborgne;WP
Saint-Bauzély;WP
Saint-Bénézet;WP
Saint-Bonnet-de-Salendrinque;WP
Saint-Bonnet-du-Gard;WP
Saint-Brès;WP
Saint-Bresson;WP
Saint-Césaire-de-Gauzignan;WP
Saint-Chaptes;WP
Saint-Christol-de-Rodières;WP
Saint-Christol-lez-Alès;WP
Saint-Clément;WP
Saint-Côme-et-Maruéjols;WP
Saint-Denis;WP
Saint-Dézéry;WP
Saint-Dionisy;WP
Saint-Étienne-de-l'Olm;WP
Saint-Étienne-des-Sorts;WP
Saint-Félix-de-Pallières;WP
Saint-Florent-sur-Auzonnet;WP
Saint-Geniès-de-Comolas;WP
Saint-Geniès-de-Malgoirès;WP
Saint-Gervais;WP
Saint-Gervasy;WP
Saint-Gilles;WP
Saint-Hilaire-d'Ozilhan;WP
Saint-Hilaire-de-Brethmas;WP
Saint-Hippolyte-de-Caton;WP
Saint-Hippolyte-de-Montaigu;WP
Saint-Hippolyte-du-Fort;WP
Saint-Jean-de-Ceyrargues;WP
Saint-Jean-de-Crieulon;WP
Saint-Jean-de-Maruéjols-et-Avéjan;WP
Saint-Jean-de-Serres;WP
Saint-Jean-de-Valériscle;WP
Saint-Jean-du-Gard;WP
Saint-Jean-du-Pin;WP
Saint-Julien-de-Cassagnas;WP
Saint-Julien-de-la-Nef;WP
Saint-Julien-de-Peyrolas;WP
Saint-Julien-les-Rosiers;WP
Saint-Just-et-Vacquières;WP
Saint-Laurent-d'Aigouze;WP
Saint-Laurent-de-Carnols;WP
Saint-Laurent-des-Arbres;WP
Saint-Laurent-la-Vernède;WP
Saint-Laurent-le-Minier;WP
Saint-Mamert-du-Gard;WP
Saint-Marcel-de-Careiret;WP
Saint-Martial;WP
Saint-Martin-de-Valgalgues;WP
Saint-Maurice-de-Cazevieille;WP
Saint-Maximin;WP
Saint-Michel-d'Euzet;WP
Saint-Nazaire;WP
Saint-Nazaire-des-Gardies;WP
Saint-Paul-la-Coste;WP
Saint-Paul-les-Fonts;WP
Saint-Paulet-de-Caisson;WP
Saint-Pons-la-Calm;WP
Saint-Privat-de-Champclos;WP
Saint-Privat-des-Vieux;WP
Saint-Quentin-la-Poterie;WP
Saint-Roman-de-Codières;WP
Saint-Sauveur-Camprieu;WP
Saint-Sébastien-d'Aigrefeuille;WP
Saint-Siffret;WP
Saint-Théodorit;WP
Saint-Victor-de-Malcap;WP
Saint-Victor-des-Oules;WP
Saint-Victor-la-Coste;WP
Sainte-Anastasie;WP
Sainte-Cécile-d'Andorge;WP
Sainte-Croix-de-Caderle;WP
Salazac;WP
Salindres;WP
Salinelles;WP
Les Salles-du-Gardon;WP
Sanilhac-Sagriès;WP
Sardan;WP
Saumane;WP
Sauve;WP
Sauveterre;WP
Sauzet;WP
Savignargues;WP
Saze;WP
Sénéchas;WP
Sernhac;WP
Servas;WP
Serviers-et-Labaume;WP
Seynes;WP
Sommières;WP
Soudorgues;WP
Soustelle;WP
Souvignargues;WP
Sumène;WP
Tavel;WP
Tharaux;WP
Théziers;WP
Thoiras;WP
Tornac;WP
Tresques;WP
Trèves;WP
Uchaud;WP
Uzès;WP
Vabres;WP
Val-d'Aigoual;WP
Vallabrègues;WP
Vallabrix;WP
Vallérargues;WP
Valliguières;WP
Vauvert;WP
Vénéjan;WP
Verfeuil;WP
Vergèze;WP
La Vernarède;WP
Vers-Pont-du-Gard;WP
Vestric-et-Candiac;WP
Vézénobres;WP
Vic-le-Fesq;WP
Le Vigan;WP
Villeneuve-lès-Avignon;WP
Villevieille;WP
Vissec;WP
Mende;WP
Albaret-le-Comtal;WP
Albaret-Sainte-Marie;WP
Allenc;WP
Altier;WP
Antrenas;WP
Arzenc-d'Apcher;WP
Arzenc-de-Randon;WP
Auroux;WP
Badaroux;WP
Balsièges;WP
Banassac-Canilhac;WP
Barjac;WP
Barre-des-Cévennes;WP
Bassurels;WP
La Bastide-Puylaurent;WP
Bédouès-Cocurès;WP
Bel-Air-Val-d'Ance;WP
Les Bessons;WP
Blavignac;WP
Les Bondons;WP
Le Born;WP
Bourgs sur Colagne;WP
Brenoux;WP
Brion;WP
Le Buisson;WP
La Canourgue;WP
Cans et Cévennes;WP
Cassagnas;WP
Chadenet;WP
Chanac;WP
Chastanier;WP
Chastel-Nouvel;WP
Châteauneuf-de-Randon;WP
Chauchailles;WP
Chaudeyrac;WP
Chaulhac;WP
Cheylard-l'Évêque;WP
Le Collet-de-Dèze;WP
Cubières;WP
Cubiérettes;WP
Cultures;WP
Esclanèdes;WP
La Fage-Montivernoux;WP
La Fage-Saint-Julien;WP
Florac Trois Rivières;WP
Fontans;WP
Fournels;WP
Fraissinet-de-Fourques;WP
Gabriac;WP
Gabrias;WP
Gatuzières;WP
Gorges du Tarn Causses;WP
Grandrieu;WP
Grandvals;WP
Grèzes;WP
Les Hermaux;WP
Hures-la-Parade;WP
Ispagnac;WP
Julianges;WP
Lachamp-Ribennes;WP
Lajo;WP
Langogne;WP
Lanuéjols;WP
Laubert;WP
Les Laubies;WP
Laval-du-Tarn;WP
Luc;WP
La Malène;WP
Le Malzieu-Forain;WP
Le Malzieu-Ville;WP
Marchastel;WP
Marvejols;WP
Mas-Saint-Chély;WP
Massegros Causses Gorges;WP
Meyrueis;WP
Moissac-Vallée-Française;WP
Molezon;WP
Mont Lozère et Goulet;WP
Montbel;WP
Montrodat;WP
Monts-de-Randon;WP
Les Monts-Verts;WP
Nasbinals;WP
Naussac-Fontanes;WP
Noalhac;WP
Palhers;WP
La Panouse;WP
Paulhac-en-Margeride;WP
Pelouse;WP
Peyre en Aubrac;WP
Pied-de-Borne;WP
Pierrefiche;WP
Le Pompidou;WP
Pont de Montvert - Sud Mont Lozère;WP
Pourcharesses;WP
Prévenchères;WP
Prinsuéjols-Malbouzon;WP
Prunières;WP
Recoules-d'Aubrac;WP
Recoules-de-Fumas;WP
Rimeize;WP
Rocles;WP
Rousses;WP
Le Rozier;WP
Saint-Alban-sur-Limagnole;WP
Saint-André-Capcèze;WP
Saint-André-de-Lancize;WP
Saint-Bauzile;WP
Saint-Bonnet-de-Chirac;WP
Saint Bonnet-Laval;WP
Saint-Chély-d'Apcher;WP
Saint-Denis-en-Margeride;WP
Saint-Étienne-du-Valdonnez;WP
Saint-Étienne-Vallée-Française;WP
Saint-Flour-de-Mercoire;WP
Saint-Frézal-d'Albuges;WP
Saint-Gal;WP
Saint-Germain-de-Calberte;WP
Saint-Germain-du-Teil;WP
Saint-Hilaire-de-Lavit;WP
Saint-Jean-la-Fouillouse;WP
Saint-Juéry;WP
Saint-Julien-des-Points;WP
Saint-Laurent-de-Muret;WP
Saint-Laurent-de-Veyrès;WP
Saint-Léger-de-Peyre;WP
Saint-Léger-du-Malzieu;WP
Saint-Martin-de-Boubaux;WP
Saint-Martin-de-Lansuscle;WP
Saint-Michel-de-Dèze;WP
Saint-Paul-le-Froid;WP
Saint-Pierre-de-Nogaret;WP
Saint-Pierre-des-Tripiers;WP
Saint-Pierre-le-Vieux;WP
Saint-Privat-de-Vallongue;WP
Saint-Privat-du-Fau;WP
Saint-Saturnin;WP
Saint-Sauveur-de-Ginestoux;WP
Sainte-Croix-Vallée-Française;WP
Sainte-Eulalie;WP
Sainte-Hélène;WP
Les Salces;WP
Les Salelles;WP
Serverette;WP
Termes;WP
La Tieule;WP
Trélans;WP
Vebron;WP
Ventalon en Cévennes;WP
Vialas;WP
Villefort;WP
Carcassonne;WP
Aigues-Vives;WP
Airoux;WP
Ajac;WP
Alaigne;WP
Alairac;WP
Albas;WP
Albières;WP
Alet-les-Bains;WP
Alzonne;WP
Antugnac;WP
Aragon;WP
Argeliers;WP
Argens-Minervois;WP
Armissan;WP
Arques;WP
Arquettes-en-Val;WP
Artigues;WP
Arzens;WP
Aunat;WP
Auriac;WP
Axat;WP
Azille;WP
Badens;WP
Bages;WP
Bagnoles;WP
Baraigne;WP
Barbaira;WP
Belcaire;WP
Belcastel-et-Buc;WP
Belflou;WP
Belfort-sur-Rebenty;WP
Bellegarde-du-Razès;WP
Belpech;WP
Belvèze-du-Razès;WP
Belvianes-et-Cavirac;WP
Belvis;WP
Berriac;WP
Bessède-de-Sault;WP
La Bezole;WP
Bizanet;WP
Bize-Minervois;WP
Blomac;WP
Bouilhonnac;WP
Bouisse;WP
Bouriège;WP
Bourigeole;WP
Le Bousquet;WP
Boutenac;WP
Bram;WP
Brézilhac;WP
Brousses-et-Villaret;WP
Brugairolles;WP
Les Brunels;WP
Bugarach;WP
Cabrespine;WP
Cahuzac;WP
Cailhau;WP
Cailhavel;WP
Cailla;WP
Cambieure;WP
Campagna-de-Sault;WP
Campagne-sur-Aude;WP
Camplong-d'Aude;WP
Camps-sur-l'Agly;WP
Camurac;WP
Canet;WP
Capendu;WP
Carlipa;WP
Cascastel-des-Corbières;WP
La Cassaigne;WP
Cassaignes;WP
Les Cassés;WP
Castans;WP
Castelnau-d'Aude;WP
Castelnaudary;WP
Castelreng;WP
Caudebronde;WP
Caunes-Minervois;WP
Caunette-sur-Lauquet;WP
Caunettes-en-Val;WP
Caux-et-Sauzens;WP
Cavanac;WP
Caves;WP
Cazalrenoux;WP
Cazilhac;WP
Cenne-Monestiés;WP
Cépie;WP
Chalabre;WP
Citou;WP
Le Clat;WP
Clermont-sur-Lauquet;WP
Comigne;WP
Comus;WP
Conilhac-Corbières;WP
Conques-sur-Orbiel;WP
Corbières;WP
Coudons;WP
Couffoulens;WP
Couiza;WP
Counozouls;WP
Cournanel;WP
Coursan;WP
Courtauly;WP
La Courtète;WP
Coustaussa;WP
Coustouge;WP
Cruscades;WP
Cubières-sur-Cinoble;WP
Cucugnan;WP
Cumiès;WP
Cuxac-Cabardès;WP
Cuxac-d'Aude;WP
Davejean;WP
Dernacueillette;WP
La Digne-d'Amont;WP
La Digne-d'Aval;WP
Donazac;WP
Douzens;WP
Duilhac-sous-Peyrepertuse;WP
Durban-Corbières;WP
Embres-et-Castelmaure;WP
Escales;WP
Escouloubre;WP
Escueillens-et-Saint-Just-de-Bélengard;WP
Espéraza;WP
Espezel;WP
Fabrezan;WP
Fajac-en-Val;WP
Fajac-la-Relenque;WP
La Fajolle;WP
Fanjeaux;WP
Félines-Termenès;WP
Fendeille;WP
Fenouillet-du-Razès;WP
Ferrals-les-Corbières;WP
Ferran;WP
Festes-et-Saint-André;WP
Feuilla;WP
Fitou;WP
Fleury;WP
Floure;WP
Fontanès-de-Sault;WP
Fontcouverte;WP
Fonters-du-Razès;WP
Fontiers-Cabardès;WP
Fontiès-d'Aude;WP
Fontjoncouse;WP
La Force;WP
Fournes-Cabardès;WP
Fourtou;WP
Fraisse-Cabardès;WP
Fraissé-des-Corbières;WP
Gaja-et-Villedieu;WP
Gaja-la-Selve;WP
Galinagues;WP
Gardie;WP
Generville;WP
Gincla;WP
Ginestas;WP
Ginoles;WP
Gourvieille;WP
Gramazie;WP
Granès;WP
Greffeil;WP
Gruissan;WP
Homps;WP
Hounoux;WP
Les Ilhes;WP
Issel;WP
Jonquières;WP
Joucou;WP
Labastide-d'Anjou;WP
Labastide-en-Val;WP
Labastide-Esparbairenque;WP
Labécède-Lauragais;WP
Lacombe;WP
Ladern-sur-Lauquet;WP
Lafage;WP
Lagrasse;WP
Lairière;WP
Lanet;WP
Laprade;WP
Laroque-de-Fa;WP
Lasbordes;WP
Lasserre-de-Prouille;WP
Lastours;WP
Laurabuc;WP
Laurac;WP
Lauraguel;WP
Laure-Minervois;WP
Lavalette;WP
Lespinassière;WP
Leuc;WP
Leucate;WP
Lézignan-Corbières;WP
Lignairolles;WP
Limousis;WP
Limoux;WP
Loupia;WP
La Louvière-Lauragais;WP
Luc-sur-Aude;WP
Luc-sur-Orbieu;WP
Magrie;WP
Mailhac;WP
Maisons;WP
Malras;WP
Malves-en-Minervois;WP
Malviès;WP
Marcorignan;WP
Marquein;WP
Marsa;WP
Marseillette;WP
Les Martys;WP
Mas-Cabardès;WP
Mas-des-Cours;WP
Mas-Saintes-Puelles;WP
Massac;WP
Mayreville;WP
Mayronnes;WP
Mazerolles-du-Razès;WP
Mazuby;WP
Mérial;WP
Mézerville;WP
Miraval-Cabardès;WP
Mirepeisset;WP
Mireval-Lauragais;WP
Missègre;WP
Molandier;WP
Molleville;WP
Montauriol;WP
Montazels;WP
Montbrun-des-Corbières;WP
Montclar;WP
Montferrand;WP
Montfort-sur-Boulzane;WP
Montgaillard;WP
Montgradail;WP
Monthaut;WP
Montirat;WP
Montjardin;WP
Montjoi;WP
Montmaur;WP
Montolieu;WP
Montréal;WP
Montredon-des-Corbières;WP
Montséret;WP
Monze;WP
Moussan;WP
Moussoulens;WP
Mouthoumet;WP
Moux;WP
Narbonne;WP
Nébias;WP
Névian;WP
Niort-de-Sault;WP
Ornaisons;WP
Orsans;WP
Ouveillan;WP
Padern;WP
Palairac;WP
Palaja;WP
La Palme;WP
Paraza;WP
Pauligne;WP
Payra-sur-l'Hers;WP
Paziols;WP
Pech-Luna;WP
Pécharic-et-le-Py;WP
Pennautier;WP
Pépieux;WP
Pexiora;WP
Peyrefitte-du-Razès;WP
Peyrefitte-sur-l'Hers;WP
Peyrens;WP
Peyriac-de-Mer;WP
Peyriac-Minervois;WP
Peyrolles;WP
Pezens;WP
Pieusse;WP
Plaigne;WP
Plavilla;WP
La Pomarède;WP
Pomas;WP
Pomy;WP
Port-la-Nouvelle;WP
Portel-des-Corbières;WP
Pouzols-Minervois;WP
Pradelles-Cabardès;WP
Preixan;WP
Puginier;WP
Puichéric;WP
Puilaurens;WP
Puivert;WP
Quillan;WP
Quintillan;WP
Quirbajou;WP
Raissac-d'Aude;WP
Raissac-sur-Lampy;WP
La Redorte;WP
Rennes-le-Château;WP
Rennes-les-Bains;WP
Ribaute;WP
Ribouisse;WP
Ricaud;WP
Rieux-en-Val;WP
Rieux-Minervois;WP
Rivel;WP
Rodome;WP
Roquecourbe-Minervois;WP
Roquefère;WP
Roquefeuil;WP
Roquefort-de-Sault;WP
Roquefort-des-Corbières;WP
Roquetaillade-et-Conilhac;WP
Roubia;WP
Rouffiac-d'Aude;WP
Rouffiac-des-Corbières;WP
Roullens;WP
Routier;WP
Rustiques;WP
Saint-Amans;WP
Saint-André-de-Roquelongue;WP
Saint-Benoît;WP
Saint-Couat-d'Aude;WP
Saint-Couat-du-Razès;WP
Saint-Denis;WP
Saint-Ferriol;WP
Saint-Frichoux;WP
Saint-Gaudéric;WP
Saint-Hilaire;WP
Saint-Jean-de-Barrou;WP
Saint-Jean-de-Paracol;WP
Saint-Julia-de-Bec;WP
Saint-Julien-de-Briola;WP
Saint-Just-et-le-Bézu;WP
Saint-Laurent-de-la-Cabrerisse;WP
Saint-Louis-et-Parahou;WP
Saint-Marcel-sur-Aude;WP
Saint-Martin-de-Villereglan;WP
Saint-Martin-des-Puits;WP
Saint-Martin-Lalande;WP
Saint-Martin-le-Vieil;WP
Saint-Martin-Lys;WP
Saint-Michel-de-Lanès;WP
Saint-Nazaire-d'Aude;WP
Saint-Papoul;WP
Saint-Paulet;WP
Saint-Pierre-des-Champs;WP
Saint-Polycarpe;WP
Saint-Sernin;WP
Sainte-Camelle;WP
Sainte-Colombe-sur-Guette;WP
Sainte-Colombe-sur-l'Hers;WP
Sainte-Eulalie;WP
Sainte-Valière;WP
Saissac;WP
Sallèles-Cabardès;WP
Sallèles-d'Aude;WP
Salles-d'Aude;WP
Salles-sur-l'Hers;WP
Salsigne;WP
Salvezines;WP
Salza;WP
Seignalens;WP
La Serpent;WP
Serres;WP
Serviès-en-Val;WP
Sigean;WP
Sonnac-sur-l'Hers;WP
Sougraigne;WP
Souilhanels;WP
Souilhe;WP
Soulatgé;WP
Soupex;WP
Talairan;WP
Taurize;WP
Termes;WP
Terroles;WP
Thézan-des-Corbières;WP
La Tourette-Cabardès;WP
Tournissan;WP
Tourouzelle;WP
Tourreilles;WP
Trassanel;WP
Trausse;WP
Trèbes;WP
Treilles;WP
Tréville;WP
Tréziers;WP
Tuchan;WP
Val-de-Dagne;WP
Val de Lambronne;WP
Val-du-Faby;WP
Valmigère;WP
Ventenac-Cabardès;WP
Ventenac-en-Minervois;WP
Véraza;WP
Verdun-en-Lauragais;WP
Verzeille;WP
Vignevieille;WP
Villalier;WP
Villanière;WP
Villar-en-Val;WP
Villar-Saint-Anselme;WP
Villardebelle;WP
Villardonnel;WP
Villarzel-Cabardès;WP
Villarzel-du-Razès;WP
Villasavary;WP
Villautou;WP
Villebazy;WP
Villedaigne;WP
Villedubert;WP
Villefloure;WP
Villefort;WP
Villegailhenc;WP
Villegly;WP
Villelongue-d'Aude;WP
Villemagne;WP
Villemoustaussou;WP
Villeneuve-la-Comptal;WP
Villeneuve-les-Corbières;WP
Villeneuve-lès-Montréal;WP
Villeneuve-Minervois;WP
Villepinte;WP
Villerouge-Termenès;WP
Villesèque-des-Corbières;WP
Villesèquelande;WP
Villesiscle;WP
Villespy;WP
Villetritouls;WP
Vinassan;WP
Perpignan;WP
L'Albère;WP
Alénya;WP
Amélie-les-Bains-Palalda;WP
Les Angles;WP
Angoustrine-Villeneuve-des-Escaldes;WP
Ansignan;WP
Arboussols;WP
Argelès-sur-Mer;WP
Arles-sur-Tech;WP
Ayguatébia-Talau;WP
Bages;WP
Baho;WP
Baillestavy;WP
Baixas;WP
Banyuls-dels-Aspres;WP
Banyuls-sur-Mer;WP
Le Barcarès;WP
La Bastide;WP
Bélesta;WP
Bolquère;WP
Bompas;WP
Boule-d'Amont;WP
Bouleternère;WP
Le Boulou;WP
Bourg-Madame;WP
Brouilla;WP
La Cabanasse;WP
Cabestany;WP
Caixas;WP
Calce;WP
Calmeilles;WP
Camélas;WP
Campôme;WP
Campoussy;WP
Canaveilles;WP
Canet-en-Roussillon;WP
Canohès;WP
Caramany;WP
Casefabre;WP
Cases-de-Pène;WP
Cassagnes;WP
Casteil;WP
Castelnou;WP
Catllar;WP
Caudiès-de-Conflent;WP
Caudiès-de-Fenouillèdes;WP
Cerbère;WP
Céret;WP
Claira;WP
Clara-Villerach;WP
Les Cluses;WP
Codalet;WP
Collioure;WP
Conat;WP
Corbère;WP
Corbère-les-Cabanes;WP
Corneilla-de-Conflent;WP
Corneilla-del-Vercol;WP
Corneilla-la-Rivière;WP
Corsavy;WP
Coustouges;WP
Dorres;WP
Égat;WP
Elne;WP
Enveitg;WP
Err;WP
Escaro;WP
Espira-de-Conflent;WP
Espira-de-l'Agly;WP
Estagel;WP
Estavar;WP
Estoher;WP
Eus;WP
Eyne;WP
Feilluns;WP
Fenouillet;WP
Fillols;WP
Finestret;WP
Font-Romeu-Odeillo-Via;WP
Fontpédrouse;WP
Fontrabiouse;WP
Formiguères;WP
Fosse;WP
Fourques;WP
Fuilla;WP
Glorianes;WP
Ille-sur-Têt;WP
Joch;WP
Jujols;WP
Lamanère;WP
Lansac;WP
Laroque-des-Albères;WP
Latour-Bas-Elne;WP
Latour-de-Carol;WP
Latour-de-France;WP
Lesquerde;WP
La Llagonne;WP
Llauro;WP
Llo;WP
Llupia;WP
Mantet;WP
Marquixanes;WP
Los Masos;WP
Matemale;WP
Maureillas-las-Illas;WP
Maury;WP
Millas;WP
Molitg-les-Bains;WP
Mont-Louis;WP
Montalba-le-Château;WP
Montauriol;WP
Montbolo;WP
Montescot;WP
Montesquieu-des-Albères;WP
Montferrer;WP
Montner;WP
Mosset;WP
Nahuja;WP
Néfiach;WP
Nohèdes;WP
Nyer;WP
Olette;WP
Oms;WP
Opoul-Périllos;WP
Oreilla;WP
Ortaffa;WP
Osséja;WP
Palau-de-Cerdagne;WP
Palau-del-Vidre;WP
Passa;WP
Le Perthus;WP
Peyrestortes;WP
Pézilla-de-Conflent;WP
Pézilla-la-Rivière;WP
Pia;WP
Planès;WP
Planèzes;WP
Pollestres;WP
Ponteilla;WP
Port-Vendres;WP
Porta;WP
Porté-Puymorens;WP
Prades;WP
Prats-de-Mollo-la-Preste;WP
Prats-de-Sournia;WP
Prugnanes;WP
Prunet-et-Belpuig;WP
Puyvalador;WP
Py;WP
Rabouillet;WP
Railleu;WP
Rasiguères;WP
Réal;WP
Reynès;WP
Ria-Sirach;WP
Rigarda;WP
Rivesaltes;WP
Rodès;WP
Sahorre;WP
Saillagouse;WP
Saint-André;WP
Saint-Arnac;WP
Saint-Cyprien;WP
Saint-Estève;WP
Saint-Féliu-d'Amont;WP
Saint-Féliu-d'Avall;WP
Saint-Génis-des-Fontaines;WP
Saint-Hippolyte;WP
Saint-Jean-Lasseille;WP
Saint-Jean-Pla-de-Corts;WP
Saint-Laurent-de-Cerdans;WP
Saint-Laurent-de-la-Salanque;WP
Saint-Marsal;WP
Saint-Martin-de-Fenouillet;WP
Saint-Michel-de-Llotes;WP
Saint-Nazaire;WP
Saint-Paul-de-Fenouillet;WP
Saint-Pierre-dels-Forcats;WP
Sainte-Colombe-de-la-Commanderie;WP
Sainte-Léocadie;WP
Sainte-Marie-la-Mer;WP
Saleilles;WP
Salses-le-Château;WP
Sansa;WP
Sauto;WP
Serdinya;WP
Serralongue;WP
Le Soler;WP
Sorède;WP
Souanyas;WP
Sournia;WP
Taillet;WP
Tarerach;WP
Targasonne;WP
Taulis;WP
Taurinya;WP
Tautavel;WP
Le Tech;WP
Terrats;WP
Théza;WP
Thuès-Entre-Valls;WP
Thuir;WP
Tordères;WP
Torreilles;WP
Toulouges;WP
Tresserre;WP
Trévillach;WP
Trilla;WP
Trouillas;WP
Ur;WP
Urbanya;WP
Valcebollère;WP
Valmanya;WP
Vernet-les-Bains;WP
Villefranche-de-Conflent;WP
Villelongue-de-la-Salanque;WP
Villelongue-dels-Monts;WP
Villemolaque;WP
Villeneuve-de-la-Raho;WP
Villeneuve-la-Rivière;WP
Vinça;WP
Vingrau;WP
Vira;WP
Vivès;WP
Le Vivier;WP
